PRAGMA foreign_keys=ON;
CREATE TABLE Book(Isbn INTEGER PRIMARY KEY, Category TEXT, Title TEXT, Quantity INTEGER, Year INTEGER, Price REAL, PublisherId INTEGER REFERENCES Publisher(PublisherId));
CREATE TABLE Customer(CustomerId INTEGER PRIMARY KEY, Name TEXT, Address TEXT, Email TEXT);
CREATE TABLE PaymentInfo(CreditCardId INTEGER PRIMARY KEY, Type TEXT, ExpirationDate TEXT, Name TEXT, CVV INTEGER);
CREATE TABLE Author(AuthorId INTEGER PRIMARY KEY, Name TEXT, Address TEXT, Phone TEXT, Email TEXT);
CREATE TABLE Publisher(PublisherId INTEGER PRIMARY KEY, Name TEXT, Address TEXT, Phone TEXT);
CREATE TABLE Course(CourseId INTEGER PRIMARY KEY, Professor TEXT, UniversityId TEXT, Section TEXT, Name TEXT, RequiredBook INTEGER REFERENCES Book(Isbn));
CREATE TABLE Wrote(WroteId INTEGER PRIMARY KEY AUTOINCREMENT, Isbn INTEGER REFERENCES Book(Isbn), AuthorId INTEGER REFERENCES Author(AuthorId));
CREATE TABLE Purchase(PurchaseId INTEGER PRIMARY KEY AUTOINCREMENT, CustomerId INTEGER REFERENCES Customer(CustomerId), Isbn INTEGER REFERENCES Book(Isbn), PurchaseDate TEXT, PurchaseTime TEXT);
CREATE TABLE CustomerPaymentInfo(CustomerPaymentInfoId INTEGER PRIMARY KEY AUTOINCREMENT, CustomerId INTEGER REFERENCES Customer(CustomerId), CreditCardId INTEGER REFERENCES PaymentInfo(CreditCardId));

INSERT INTO Publisher VALUES(1, "Addison-Wesley Pub Co", "97012 Schultz Overpass Apt. 089 New Victoria, TN 39048", "536.225.8554");
INSERT INTO Publisher VALUES(2, "Addison-Wesley Publishing", "8858 Boyer Squares Suite 355 Lake Michaelshire, WY 09407-7059", "+82(7)4827835999");
INSERT INTO Publisher VALUES(3, "Anchor Books", "47101 Michael Overpass Suite 470 Lake Davidmouth, NJ 69538-6392", "(621)267-7186");
INSERT INTO Publisher VALUES(4, "Back Bay Books", "USS Robbins FPO AA 32486", "388.738.2827");
INSERT INTO Publisher VALUES(5, "Ballantine Books", "126 Medina Cliff Suite 870 Olsonmouth, KY 18511", "977.784.4738x5480");
INSERT INTO Publisher VALUES(6, "Berkley Pub Group", "PSC 7059, Box 4063 APO AE 32583", "05427714634");
INSERT INTO Publisher VALUES(7, "Clarkson N. Potter", "9805 Romero Trafficway Suite 368 Christopherview, ND 08157-2299", "519-845-3635");
INSERT INTO Publisher VALUES(8, "Crown Pub", "076 George Place North Selenastad, CO 93267", "722-447-2753");
INSERT INTO Publisher VALUES(9, "Del Rey", "PSC 3408, Box 7287 APO AA 74320", "1-995-959-8630");
INSERT INTO Publisher VALUES(10, "Dell Pub Co", "4318 Patricia Pine Apt. 929 Norrisfurt, SC 63972-7456", "+83(2)8173622810");
INSERT INTO Publisher VALUES(11, "Donald M. Grant Publisher, Inc.", "6592 Ramirez Land Brianville, NV 03441-1328", "(625)201-5272x771");
INSERT INTO Publisher VALUES(12, "Doubleday", "Unit 7380 Box 1812 DPO AE 44852-0591", "1-568-749-5069");
INSERT INTO Publisher VALUES(13, "Fireside", "850 Mack Drives Grantborough, NM 38687", "(129)824-9151x95441");
INSERT INTO Publisher VALUES(14, "Gibbs Smith Publisher", "799 Jacob Mission Apt. 225 Lake Deborah, VT 01280", "+07(3)5006101355");
INSERT INTO Publisher VALUES(15, "Harlequin", "3848 Nicholas Fort Bryanttown, TN 39582-1752", "(574)109-8921x979");
INSERT INTO Publisher VALUES(16, "Harper", "0063 Annette Highway North Mary, IA 06119", "+71(8)4577189659");
INSERT INTO Publisher VALUES(17, "HarperCollins", "1423 Evan Land Toddland, MN 36738", "294-856-0389");
INSERT INTO Publisher VALUES(18, "Harperperennial Library", "30098 Duncan Run Suite 632 Thorntontown, VT 92436-0673", "738-314-8297");
INSERT INTO Publisher VALUES(19, "Harvard Univ Pr", "236 Matthews Forges Lake Christopher, DE 14011", "(282)104-8052");
INSERT INTO Publisher VALUES(20, "Harvest Books", "163 Johnson Ramp Suite 459 Kimfort, IA 30998", "1-658-085-1753x259");
INSERT INTO Publisher VALUES(21, "John Wiley & Sons", "62904 Bush Falls Wyattmouth, CA 12202-6494", "110-205-8426");
INSERT INTO Publisher VALUES(22, "Jossey-Bass", "32959 Megan Ports Apt. 329 Lake Marcus, VI 50679", "159-828-1391x32578");
INSERT INTO Publisher VALUES(23, "Knopf", "0646 Judith Course Jamesside, IL 17174", "+30(6)6865711581");
INSERT INTO Publisher VALUES(24, "Lark Books", "645 Collins Island Apt. 522 Danielfort, WA 52766", "(542)356-1558");
INSERT INTO Publisher VALUES(25, "Little Brown & Company", "86036 Thomas Keys South Dana, CO 81295", "(541)249-1294x3623");
INSERT INTO Publisher VALUES(26, "MIT Press", "123 Miller Summit New Shelly, PR 94324", "166-931-6571");
INSERT INTO Publisher VALUES(27, "Macromedia Press", "98445 Berry Trafficway Apt. 001 East Natalieton, GA 58437", "216-243-9949x28737");
INSERT INTO Publisher VALUES(28, "McGraw-Hill Osborne Media", "606 Martinez Estates Suite 670 East Rickshire, WV 39641-6341", "544.246.9679");
INSERT INTO Publisher VALUES(29, "McGraw-Hill Trade", "49198 Johnson Crescent Apt. 827 West Lisa, FL 38984-6167", "(722)021-7902");
INSERT INTO Publisher VALUES(30, "McGraw-Hill/Irwin", "1248 Lauren Curve East Marktown, UT 37861-2314", "+39(3)4287689992");
INSERT INTO Publisher VALUES(31, "Morgan Kaufmann", "5422 Garcia Wall Robertshaven, WV 99418-7379", "+88(3)0059891823");
INSERT INTO Publisher VALUES(32, "Multnomah Publishers Inc.", "2248 Anderson Spurs Suite 247 South Anna, AR 43317-0609", "299-220-3716");
INSERT INTO Publisher VALUES(33, "New Riders Publishing", "811 Hampton Walks Apt. 404 Jeffreyhaven, TN 28030", "1-181-962-7703x2293");
INSERT INTO Publisher VALUES(34, "O'Reilly & Associates", "381 Carolyn Passage Suite 425 East Kristintown, MN 47586-3537", "717.895.4354");
INSERT INTO Publisher VALUES(35, "Pantheon Books", "779 Valdez Coves Port Hollyport, HI 42692", "526-802-4655x88841");
INSERT INTO Publisher VALUES(36, "Penguin USA", "482 Walker Radial Port Abigail, PR 69801", "+93(1)8745992874");
INSERT INTO Publisher VALUES(37, "Perennial", "Unit 8597 Box 5064 DPO AA 91270-4013", "839-273-0549x670");
INSERT INTO Publisher VALUES(38, "Perseus Publishing", "6272 Nathan Inlet Suite 763 West Jessicashire, LA 32781", "1-969-372-6635x713");
INSERT INTO Publisher VALUES(39, "Picador", "949 Shelby Estate Apt. 255 Port Anthonybury, VT 31910-5939", "255-741-1768");
INSERT INTO Publisher VALUES(40, "Pocket Books", "91143 Howard Freeway Jessicafurt, NH 16581-0745", "1-274-205-3287x0201");
INSERT INTO Publisher VALUES(41, "Prentice Hall", "25211 Maria Pike Nathanielfort, WV 38653-0003", "(564)618-7557x80690");
INSERT INTO Publisher VALUES(42, "Prentice Hall PTR", "69037 Jennifer Highway South Gail, WI 87147", "+69(8)7228405052");
INSERT INTO Publisher VALUES(43, "Putnam Pub Group", "04206 Chen Neck Suite 589 South Crystal, VA 66963", "1-801-173-6955x30335");
INSERT INTO Publisher VALUES(44, "Random House", "37304 Hicks Road North Aliciaberg, CA 25792-1950", "001.787.4962x55981");
INSERT INTO Publisher VALUES(45, "Random House Trade Paperbacks", "36097 Darlene Hills Suite 084 Schmidtfurt, NC 30739", "1-088-790-5513");
INSERT INTO Publisher VALUES(46, "Schmidt Ink, Inc.", "2005 Michelle Mission Toddhaven, MD 44053", "03404951058");
INSERT INTO Publisher VALUES(47, "Scribner", "87709 Shawn Ports Feliciaberg, DE 07303", "612.431.5328");
INSERT INTO Publisher VALUES(48, "Scribner Paperback Fiction", "0547 Patricia Curve Suite 766 Wendyburgh, IL 97069", "(450)290-9120");
INSERT INTO Publisher VALUES(49, "Silhouette", "595 Blake Harbor West Williamview, WV 01345", "1-350-389-9263");
INSERT INTO Publisher VALUES(50, "Simon & Schuster", "USNS James FPO AP 26882", "338-994-2925x26677");
INSERT INTO Publisher VALUES(51, "South-Western College Pub", "030 Woodard Shores New Philipland, DC 18693", "(393)788-3007x2027");
INSERT INTO Publisher VALUES(52, "St. Martin's Press", "71934 Burgess Junctions Apt. 331 New Sean, VA 60964", "883.393.0453x53745");
INSERT INTO Publisher VALUES(53, "Sybex", "0732 Marcus Crossing Apt. 173 Lake Kimberlystad, TX 70175-9133", "803-597-2151");
INSERT INTO Publisher VALUES(54, "Taunton Pr", "823 Michael Mews Suite 900 Delacruzfurt, WV 66858", "878-919-4841x74164");
INSERT INTO Publisher VALUES(55, "Vendome Pr", "7667 Smith Mews Apt. 865 Lake Christina, VA 59296", "1-636-019-2348x7029");
INSERT INTO Publisher VALUES(56, "Viking Press", "989 Michael Overpass Apt. 338 Baileybury, WV 37785", "739.299.0908");
INSERT INTO Publisher VALUES(57, "Vintage Books", "16026 Stark Run Port Thomaston, PA 98365", "(217)200-4070x22321");
INSERT INTO Publisher VALUES(58, "W.W. Norton & Company", "047 Nicole Passage Apt. 269 East Garytown, NY 99982-1618", "(005)188-4833x0078");
INSERT INTO Publisher VALUES(59, "Warner Books", "9410 Courtney Crescent Suite 578 North Paul, OK 30587", "(896)121-7946x584");
INSERT INTO Publisher VALUES(60, "Wolfram Media, Inc.", "45961 Suzanne Forks Lindachester, PR 67019-5491", "113-951-5576x02327");
INSERT INTO Publisher VALUES(61, "Wrox Press Inc", "8264 Samuel Loop East Melanie, FM 66066-9825", "1-597-254-3815x5091");

INSERT INTO Author VALUES(1, "Albert-Lszl Barabsi", "81838 Rick Turnpike Apt. 023 Nicholsshire, MT 55530-2004", "239.184.4644x0488", "mccallrebecca@example.org");
INSERT INTO Author VALUES(2, "Alice Sebold", "PSC 0914, Box 3356 APO AE 74974", "(538)894-5910x2983", "mooretara@example.net");
INSERT INTO Author VALUES(3, "Allison Arieff", "PSC 6387, Box 9902 APO AE 70132-3709", "868-355-5773x431", "carlamorgan@example.com");
INSERT INTO Author VALUES(4, "Andrew Gross", "317 Alicia Center Port Mark, AK 15858", "1-811-595-8638", "stevenwallace@example.com");
INSERT INTO Author VALUES(5, "Andy Rae", "USS Palmer FPO AA 14283", "888.839.1998", "janetday@example.org");
INSERT INTO Author VALUES(6, "Angela C. Buraglia", "85367 Michael Knoll Suite 839 Whitneyfort, ND 30694-8449", "1-983-194-3972x66225", "martinezmario@example.com");
INSERT INTO Author VALUES(7, "Ann Patchett", "6846 Mills Walk Suite 725 Ochoastad, WV 61185-5152", "(525)488-1154x954", "adam27@example.org");
INSERT INTO Author VALUES(8, "B. J. Fogg", "17481 Catherine Locks Suite 086 North Petermouth, NJ 95031-8331", "690-535-6592x71409", "gambleraymond@example.org");
INSERT INTO Author VALUES(9, "Ben Forta", "465 Villarreal Well Suite 434 North Jordanton, NH 97660-3792", "1-198-086-9934", "afox@example.org");
INSERT INTO Author VALUES(10, "Bernie Wrightson", "58364 Michael Summit Suite 952 West Johnview, NM 39891", "899.809.5402", "daniel21@example.org");
INSERT INTO Author VALUES(11, "Biju Thomas", "1474 Christopher Grove Stevensmouth, ID 90200", "1-487-388-3019x77573", "ulewis@example.org");
INSERT INTO Author VALUES(12, "Bill Mann", "637 Arellano Pine Rowemouth, MO 37083", "1-527-512-6531", "jamie38@example.net");
INSERT INTO Author VALUES(13, "Brian Knight", "99767 Jensen Trail Apt. 667 Elizabethfort, GU 07996-6084", "1-207-582-8874x3629", "heather89@example.org");
INSERT INTO Author VALUES(14, "Bryan Burkhart", "78326 Amy Knolls Lake Tracyton, NY 09190-6383", "(707)597-5338", "michellewarren@example.org");
INSERT INTO Author VALUES(15, "Carl Sagan", "71268 Alexander Turnpike Daveton, MI 55108-2175", "06237012669", "brianaallison@example.org");
INSERT INTO Author VALUES(16, "Cassandra Adams", "593 Margaret Mission Brendaborough, WY 24716", "1-585-104-9417x305", "smithsteven@example.org");
INSERT INTO Author VALUES(17, "Charles Burck", "233 Lisa Gardens East Joshua, KS 31630", "(011)178-4022", "rowevalerie@example.net");
INSERT INTO Author VALUES(18, "Chip Dawes", "229 Corey Well Suite 484 Jasonborough, PA 17376-8779", "09367298031", "tkemp@example.net");
INSERT INTO Author VALUES(19, "Christine Bastin", "4851 Lyons Cove Rangelview, GU 58060-9603", "1-667-929-2706", "bryan53@example.net");
INSERT INTO Author VALUES(20, "Chuck Palahniuk", "Unit 8666 Box 2426 DPO AP 01620", "235-388-0283x08192", "steven04@example.org");
INSERT INTO Author VALUES(21, "Daniel W. Collins", "5903 Austin Wall Alexandermouth, NM 66736", "1-903-274-8830x3795", "albert79@example.com");
INSERT INTO Author VALUES(22, "Dee Henderson", "7698 Tyler Glen Apt. 082 Ashleyfurt, RI 50479-1250", "236-007-2358", "hayden57@example.org");
INSERT INTO Author VALUES(23, "Don DeLillo", "5400 Maria Spur Apt. 504 Michaelstad, OK 34755-4938", "1-251-604-9664x96559", "leonardmichael@example.net");
INSERT INTO Author VALUES(24, "Donald E. Kieso", "0006 Johnson Pines Mcleanmouth, VI 39992", "437-328-5604x56358", "qthompson@example.org");
INSERT INTO Author VALUES(25, "Donald Kaufman", "USCGC Barrett FPO AA 59249", "1-709-342-2915", "williamslaura@example.net");
INSERT INTO Author VALUES(26, "Doug Stuns", "173 Christian Falls Suite 073 Lake Meredith, HI 60252-9718", "(076)643-0757x46602", "smaldonado@example.org");
INSERT INTO Author VALUES(27, "Edward Osborne Wilson", "637 Richardson Island Suite 410 Wilsonmouth, DC 21586", "669.290.8180x356", "msingh@example.net");
INSERT INTO Author VALUES(28, "Eibe Frank", "2619 Hubbard Fords Suite 208 Brucestad, HI 17794", "397.842.3669x656", "rpierce@example.net");
INSERT INTO Author VALUES(29, "Francis D. K. Ching", "341 Patton Pines Apt. 618 Rebekahtown, ME 47327-9377", "743.597.3552", "mbryan@example.com");
INSERT INTO Author VALUES(30, "Gerald Carter", "672 Santos Lodge Apt. 836 Rickyborough, OH 46476", "1-814-260-5109", "tyler89@example.net");
INSERT INTO Author VALUES(31, "Gerard Gefen", "251 Jill Crossroad Watsonville, DC 33651-0383", "(335)635-8887x075", "sheltonerin@example.com");
INSERT INTO Author VALUES(32, "Harold McGee", "9288 Vaughn Creek Apt. 613 Jasonhaven, AK 94148-8992", "984-050-4227", "anthonygarcia@example.org");
INSERT INTO Author VALUES(33, "Ian H. Witten", "USNS King FPO AP 89840", "04910208202", "ndavenport@example.net");
INSERT INTO Author VALUES(34, "Ian McEwan", "12664 Ronald Throughway South Gabriel, CO 51817-8424", "(751)449-1566x616", "kennethgonzalez@example.net");
INSERT INTO Author VALUES(35, "Jacquelyn Mitchard", "067 Morgan Pike Mollyton, KS 18167", "(334)517-5099", "allenchristina@example.net");
INSERT INTO Author VALUES(36, "Jacques Evrard", "601 Moore Inlet Donnamouth, GA 21834", "1-867-620-4007", "kelli27@example.org");
INSERT INTO Author VALUES(37, "James Patterson", "5604 Courtney Wall Smithview, ID 05089-5567", "099-078-0342", "brownaustin@example.com");
INSERT INTO Author VALUES(38, "Jay P. Decima", "27377 Jones Locks Suite 555 West Donald, AS 18057-1432", "1-844-093-3863x72063", "esnyder@example.org");
INSERT INTO Author VALUES(39, "Jeffery Deaver", "1835 Lori Brooks Suite 733 Stuartbury, SD 09925", "731-481-7302x6459", "louisscott@example.com");
INSERT INTO Author VALUES(40, "Jeffrey M. Wooldridge", "Unit 5911 Box 8711 DPO AA 57213", "+06(2)6934310696", "james77@example.com");
INSERT INTO Author VALUES(41, "Jerry J. Weygandt", "PSC 3730, Box 6210 APO AE 12387", "(539)404-5176x9900", "johngonzales@example.org");
INSERT INTO Author VALUES(42, "Joseph C. Johnson", "86872 Christopher Underpass Fuentesland, OR 18719-8059", "557-086-6614x328", "jacksontyler@example.org");
INSERT INTO Author VALUES(43, "Joseph Truini", "97316 Ryan Rest Dunnside, FM 71119", "639-750-0942", "steven92@example.net");
INSERT INTO Author VALUES(44, "Karen Marie Moning", "8292 Smith Crossing Deanstad, AL 51741", "862-834-6255", "campbelljason@example.com");
INSERT INTO Author VALUES(45, "Ken Coffman", "911 George Turnpike Port Kevin, PR 51532", "1-946-866-2052x25046", "chasestein@example.org");
INSERT INTO Author VALUES(46, "Ken Getz", "5389 Ford Port Suite 681 Lake Anna, MT 75542", "324.306.4578x15762", "alexander63@example.org");
INSERT INTO Author VALUES(47, "Ken Henderson", "1538 Brooks Branch Suite 590 South Timothyville, PA 56021-3527", "406-320-6385x1802", "richardphelps@example.net");
INSERT INTO Author VALUES(48, "Larry Bossidy", "USS Hughes FPO AE 92327-0299", "228.865.3736", "stephaniemiller@example.org");
INSERT INTO Author VALUES(49, "Laurel Graeber", "50239 Thompson Trail North Charles, ND 93059-6295", "316-651-9916x78337", "barrettlouis@example.net");
INSERT INTO Author VALUES(50, "Laurell K. Hamilton", "36793 Sandra Glens Suite 214 Goodwinchester, CO 48207-5998", "+18(9)1147746298", "hansonstacey@example.net");
INSERT INTO Author VALUES(51, "Lawrence Revsine", "USNS Arnold FPO AA 36873-3791", "(096)767-0386x761", "rodneyjohnston@example.com");
INSERT INTO Author VALUES(52, "Lee McAlester", "21308 Miller Glens Suite 653 Valerieburgh, AL 16423", "590.668.0834x860", "holmeskenneth@example.com");
INSERT INTO Author VALUES(53, "Leon Chalnick", "1502 Gary Walk Apt. 628 Robinsonberg, WA 87211", "(822)048-1147x74406", "samantharodriguez@example.com");
INSERT INTO Author VALUES(54, "Leslie Plummer Clagett", "83152 Joanne Wells Suite 783 East Tammy, KY 28870", "+11(8)9083792651", "lutzharold@example.net");
INSERT INTO Author VALUES(55, "Margy Ross", "4102 John Port Port Jeremy, FL 17918-7494", "(157)584-1814", "mlang@example.net");
INSERT INTO Author VALUES(56, "Mark Grinblatt", "888 Mclaughlin Corner East Julia, AL 67306-6347", "995-461-0676x518", "mdavis@example.org");
INSERT INTO Author VALUES(57, "Mark Z. Danielewski", "2164 Jessica View Suite 299 Kaylashire, MS 79373", "1-932-244-4361", "colondonna@example.net");
INSERT INTO Author VALUES(58, "Mary Higgins Clark", "1827 Villarreal Hills Apt. 605 Ronaldtown, MD 08207-0531", "+96(4)2875358906", "hcollier@example.net");
INSERT INTO Author VALUES(59, "Matthew Delaney", "528 Burnett Plains Suite 082 New Joseph, UT 20734-2543", "1-356-392-1092x583", "aaron70@example.org");
INSERT INTO Author VALUES(60, "Matthew Weishan", "911 Marsh Dam Suite 996 Riverachester, ID 31985", "615-357-4417", "tmcdowell@example.net");
INSERT INTO Author VALUES(61, "Michael Cunningham", "5443 Reynolds Crescent South Michael, MA 49108", "232-229-3692", "yturner@example.org");
INSERT INTO Author VALUES(62, "Michael Meyers", "66059 Willis Dale Apt. 786 North Travis, UT 20664-2777", "503.100.9323", "karinahunt@example.net");
INSERT INTO Author VALUES(63, "Michael Romkey", "471 Christy Forges Alisonborough, CT 98290", "07079561358", "johnhenderson@example.com");
INSERT INTO Author VALUES(64, "Mike Gunderloy", "306 Calvin Isle North Cassandra, WY 74744", "840-725-5345x2834", "wwoodward@example.net");
INSERT INTO Author VALUES(65, "Nate Weiss", "USS Miller FPO AA 89259", "085-476-8465x37415", "elizabethsantos@example.org");
INSERT INTO Author VALUES(66, "Nicholas Sparks", "82870 John Street Waltersberg, MN 85482", "721.049.5090", "mary92@example.com");
INSERT INTO Author VALUES(67, "Nora Roberts", "699 Reed Park Suite 774 West Carl, ID 05455-3871", "1-130-841-8911x13973", "egarcia@example.org");
INSERT INTO Author VALUES(68, "Patrick Lencioni", "4746 Berry Pike Apt. 030 Brandyburgh, TX 27047-3736", "(653)426-1559x3355", "cynthiatucker@example.com");
INSERT INTO Author VALUES(69, "Paul DuBois", "PSC 4251, Box 4215 APO AE 44393-4724", "314-109-6741x266", "byang@example.com");
INSERT INTO Author VALUES(70, "Paul Litwin", "397 Alison Square South Kyle, DE 22721", "888-574-4383x0524", "alexisroberts@example.com");
INSERT INTO Author VALUES(71, "Paul Marcus Fischer", "1238 Perez Road Apt. 784 Lake Mike, MT 74932", "1-504-184-8045x630", "holtjames@example.com");
INSERT INTO Author VALUES(72, "Rael Dornfest", "530 Johnson Streets Suite 314 West Leslieland, NV 32772-3172", "910.910.8474", "rickey69@example.net");
INSERT INTO Author VALUES(73, "Ralph Kimball", "191 Holly Curve Apt. 810 Jeremyside, SD 88115", "1-292-598-1141", "dianewhite@example.net");
INSERT INTO Author VALUES(74, "Ralph R. Kylloe", "69522 Duncan Brook Apt. 042 West Pamela, TX 27935-8396", "05860749915", "tyler11@example.org");
INSERT INTO Author VALUES(75, "Ram Charan", "Unit 2804 Box 1224 DPO AA 07046-5997", "+21(1)0345395863", "scottthomas@example.org");
INSERT INTO Author VALUES(76, "Ramez A. Elmasri", "9298 Ashley Junctions Bradybury, FL 87072-3875", "1-670-901-1623x831", "rebecca73@example.org");
INSERT INTO Author VALUES(77, "Rita Hartung Cheng", "8730 Amber Circle Apt. 443 East Brendastad, OK 16697-1620", "081-132-1745x45997", "annanderson@example.com");
INSERT INTO Author VALUES(78, "Rob Vieira", "98959 Reed Rapids Apt. 753 New Thomaschester, AR 76474-7899", "389.664.5583x038", "morrisjoshua@example.org");
INSERT INTO Author VALUES(79, "Robert C. Higgins", "43083 Orozco Shoals Nicolaschester, VA 85981", "1-961-957-1266x452", "dunnsherry@example.com");
INSERT INTO Author VALUES(80, "Robert D. Schmidt", "034 Davis Mount Andersonton, ND 85479", "(958)957-2644", "harrismadison@example.net");
INSERT INTO Author VALUES(81, "Roma Ligocka", "7134 Robinson Gardens Suite 453 Cookfort, SC 46020-4884", "1-295-107-6396x4887", "turneralyssa@example.com");
INSERT INTO Author VALUES(82, "Scott Kelby", "92648 Williams Tunnel Chadville, VA 54462-5965", "(282)638-1490", "palmerwilliam@example.org");
INSERT INTO Author VALUES(83, "Shamkant B. Navathe", "673 Ross Prairie Marshallstad, WV 09465", "05500200314", "uking@example.com");
INSERT INTO Author VALUES(84, "Sheridan Titman", "288 Ingram Landing Apt. 024 Port Loriberg, PW 10406-0249", "(629)965-3343", "qsosa@example.net");
INSERT INTO Author VALUES(85, "Simon Benninga", "8636 Mann Grove Apt. 345 Angelaburgh, WI 20923-8207", "709.622.0808", "jennifer04@example.net");
INSERT INTO Author VALUES(86, "Simon Benninga, Benjamin Czaczkes", "9834 Cooper Vista Adamsmouth, AS 37051", "+50(1)2180109555", "vandersen@example.net");
INSERT INTO Author VALUES(87, "Stephen King", "255 Sandra Unions Jeffborough, IL 59454-7627", "(384)103-1667x7527", "michael56@example.net");
INSERT INTO Author VALUES(88, "Stephen Wolfram", "PSC 3988, Box 2996 APO AP 50733-5557", "(458)603-0319x659", "patrick49@example.net");
INSERT INTO Author VALUES(89, "Steven J. Root", "607 Melissa Rapid Cobbborough, MS 19237", "125.748.8818", "hamptonreginald@example.com");
INSERT INTO Author VALUES(90, "Steven Pinker", "031 Shaw Center Suite 450 West Bryanview, NY 57417-4991", "(248)495-8824", "jasonadkins@example.org");
INSERT INTO Author VALUES(91, "Sue Monk Kidd", "82407 Pearson Course Lindseyview, KS 21593-7394", "799.116.4616", "fthomas@example.com");
INSERT INTO Author VALUES(92, "Suzanne Brockmann", "7175 Richard Mission Suite 148 Lake Aprilfort, IA 73736", "882-959-1954x4804", "jason19@example.org");
INSERT INTO Author VALUES(93, "Taffy Dahl", "80739 Frank Ferry Andreaside, MD 68370", "1-217-333-9192", "robinsonjennifer@example.com");
INSERT INTO Author VALUES(94, "Tara Calishain", "06865 Michelle Mission Lake Lee, OK 71820", "456.274.3241x44153", "snyderaaron@example.com");
INSERT INTO Author VALUES(95, "Terry D. Warfield", "Unit 2664 Box 3743 DPO AE 43174-3073", "03088129268", "potterjason@example.org");
INSERT INTO Author VALUES(96, "Terry Pratchett", "012 Soto Route Apt. 278 New Vanessa, CO 86094", "01419695570", "anthonywhite@example.net");
INSERT INTO Author VALUES(97, "Tina Freeman", "2933 Tammy Valleys New Tyronestad, AS 73609-0763", "+92(2)7227799025", "jacquelinecampbell@example.com");
INSERT INTO Author VALUES(98, "Virginia McAlester", "6102 William Estates Suite 822 Lake Megan, IA 63734", "179.030.0805x34174", "brenda89@example.com");
INSERT INTO Author VALUES(99, "W. Bruce Johnson", "0453 Thomas Burgs West Brady, VA 39261-9978", "06812507873", "dgarcia@example.com");
INSERT INTO Author VALUES(100, "William James Taylor", "3385 Zachary Avenue Stephanieborough, ID 75912-1742", "845-538-0144x1911", "mckenzie42@example.org");
INSERT INTO Author VALUES(101, "Wladyslaw Szpilman", "508 Matthews Skyway Apt. 973 New Jeffrey, ME 58513", "1-295-096-0363x87325", "hwillis@example.com");

INSERT INTO Book VALUES(782140661, "Computer", "OCP: Oracle9i Certification Kit", 164, 2002, 104.970000, 53);
INSERT INTO Book VALUES(72227885, "Computer", "SQL Server 2000 for Experienced DBA's", 164, 2003, 34.990000, 28);
INSERT INTO Book VALUES(471200247, "Computer", "The Data Warehouse Toolkit: The Complete Guide to Dimensional Modeling", 64, 2002, 50.000000, 21);
INSERT INTO Book VALUES(72227710, "Computer", "How To Do Everything with Your Tablet PC", 12, 2003, 17.490000, 28);
INSERT INTO Book VALUES(1558605525, "Computer", "Data Mining: Practical Machine Learning Tools and Techniques with Java Implementations", 210, 1999, 49.950000, 31);
INSERT INTO Book VALUES(972263608, "Computer", "Creating Documents with BusinessObjects 5.1", 453, 2002, 99.000000, 46);
INSERT INTO Book VALUES(201615762, "Computer", "The Guru's Guide to Transact-SQL", 205, 2000, 38.490000, 1);
INSERT INTO Book VALUES(782140114, "Computer", "Access 2002 Developer's Handbook Set", 253, 2001, 69.990000, 53);
INSERT INTO Book VALUES(321125169, "Computer", "ColdFusion MX Web Application Construction Kit", 486, 2002, 38.490000, 27);
INSERT INTO Book VALUES(805317554, "Computer", "Fundamentals of Database Systems", 80, 1999, 95.000000, 2);
INSERT INTO Book VALUES(1861004486, "Computer", "Professional SQL Server 2000 Programming", 309, 2000, 41.990000, 61);
INSERT INTO Book VALUES(735712123, "Computer", "MySQL", 490, 2003, 34.990000, 2);
INSERT INTO Book VALUES(425188361, "Literature & Fiction", "Cerulean Sins", 60, 2003, 16.070000, 6);
INSERT INTO Book VALUES(142001740, "Literature & Fiction", "The Secret Life of Bees", 92, 2003, 14.000000, 36);
INSERT INTO Book VALUES(596004478, "Computer", "Google Hacks", 114, 2003, 24.950000, 34);
INSERT INTO Book VALUES(71414339, "Accounting & Finance", "Investing in Fixer-Uppers : A Complete Guide to Buying Low, Fixing Smart, Adding Value, and Selling (or Renting) High", 416, 2003, 18.950000, 29);
INSERT INTO Book VALUES(312311354, "Literature & Fiction", "The Pianist", 191, 2003, 13.000000, 39);
INSERT INTO Book VALUES(312287941, "Literature & Fiction", "The Girl in the Red Coat: A Memoir", 346, 2002, 25.950000, 52);
INSERT INTO Book VALUES(312243022, "Literature & Fiction", "The Hours", 206, 2000, 3.440000, 39);
INSERT INTO Book VALUES(609610570, "Reference", "Execution: The Discipline of Getting Things Done", 384, 2002, 27.500000, 8);
INSERT INTO Book VALUES(316602051, "Literature & Fiction", "The Jester", 185, 2003, 27.950000, 25);
INSERT INTO Book VALUES(743222008, "Literature & Fiction", "The Vanished Man: A Lincoln Rhyme Novel", 28, 2003, 25.000000, 50);
INSERT INTO Book VALUES(66214750, "Literature & Fiction", "Twelve Times Blessed", 108, 2003, 25.950000, 17);
INSERT INTO Book VALUES(787960756, "Accounting & Finance", "The Five Dysfunctions of a Team: A Leadership Fable", 492, 2002, 13.200000, 22);
INSERT INTO Book VALUES(1590520734, "Romance", "The Rescuer: The O'Malley Series", 278, 2003, 12.990000, 32);
INSERT INTO Book VALUES(60934417, "Romance", "Bel Canto: A Novel", 203, 2002, 13.950000, 37);
INSERT INTO Book VALUES(440237556, "Romance", "The Dark Highlander", 257, 2002, 6.990000, 10);
INSERT INTO Book VALUES(373272839, "Romance", "Letters to Kelly", 221, 2003, 4.750000, 15);
INSERT INTO Book VALUES(670031518, "Science", "The Blank Slate: The Modern Denial of Human Nature", 367, 2002, 27.950000, 56);
INSERT INTO Book VALUES(738206679, "Science", "Linked: The New Science of Networks", 291, 2002, 26.000000, 38);
INSERT INTO Book VALUES(679768678, "Science", "Consilience: The Unity of Knowledge", 35, 1999, 15.000000, 44);
INSERT INTO Book VALUES(679450785, "Science", "The Future of Life", 336, 2002, 22.000000, 23);
INSERT INTO Book VALUES(1579550088, "Science", "A New Kind of Science", 109, 2002, 44.950000, 60);
INSERT INTO Book VALUES(684843285, "Science", "ON FOOD AND COOKING", 408, 1997, 22.000000, 13);
INSERT INTO Book VALUES(471358983, "Home Design", "Building Construction Illustrated", 494, 2000, 40.000000, 21);
INSERT INTO Book VALUES(394739698, "Home Design", "A Field Guide to American Houses", 320, 1984, 24.950000, 45);
INSERT INTO Book VALUES(1586851322, "Home Design", "Prefab", 381, 2002, 39.950000, 14);
INSERT INTO Book VALUES(1586851357, "Home Design", "Cabins & Camps", 37, 2002, 60.000000, 14);
INSERT INTO Book VALUES(1561586487, "Home Design", "The New City Home: Smart Solutions for Metro Living", 471, 2003, 24.950000, 54);
INSERT INTO Book VALUES(865659982, "Home Design", "Composers' Houses", 371, 1998, 50.000000, 55);
INSERT INTO Book VALUES(517576600, "Home Design", "Color: Natural Palettes for Painted Rooms", 218, 1992, 50.000000, 7);
INSERT INTO Book VALUES(262024829, "Accounting & Finance", "Financial Modeling", 439, 2000, 70.000000, 26);
INSERT INTO Book VALUES(72294337, "Accounting & Finance", "Financial Markets & Corporate Strategy", 46, 2001, 122.500000, 30);
INSERT INTO Book VALUES(72315318, "Accounting & Finance", "Analysis for Financial Management", 480, 2000, 79.200000, 30);
INSERT INTO Book VALUES(324107501, "Accounting & Finance", "Advanced Accounting", 355, 2001, 112.950000, 51);
INSERT INTO Book VALUES(471363049, "Accounting & Finance", "Intermediate Accounting", 211, 2001, 139.200000, 21);
INSERT INTO Book VALUES(130323519, "Accounting & Finance", "Financial Reporting and Analysis", 307, 2001, 126.670000, 41);
INSERT INTO Book VALUES(446527793, "Literature & Fiction", "The Guardian", 36, 2003, 24.950000, 59);
INSERT INTO Book VALUES(743206061, "Literature & Fiction", "The Second Time Around", 3, 2003, 26.000000, 50);
INSERT INTO Book VALUES(743244249, "Literature & Fiction", "Cosmopolis: A Novel", 468, 2003, 25.000000, 47);
INSERT INTO Book VALUES(743467523, "Horror", "Dreamcatcher", 88, 2003, 7.990000, 40);
INSERT INTO Book VALUES(375703764, "Horror", "House of Leaves", 318, 2000, 19.950000, 35);
INSERT INTO Book VALUES(345452089, "Horror", "The Vampire's Violin", 341, 2003, 6.990000, 9);
INSERT INTO Book VALUES(385504470, "Horror", "Lullaby: A Novel", 288, 2002, 17.470000, 12);
INSERT INTO Book VALUES(312276702, "Horror", "Jinn: A Novel", 260, 2003, 24.950000, 52);
INSERT INTO Book VALUES(743457358, "Horror", "Everything's Eventual: 14 Dark Tales", 29, 2002, 7.990000, 40);
INSERT INTO Book VALUES(1880418568, "Horror", "Wolves of the Calla", 497, 2003, 35.000000, 11);
INSERT INTO Book VALUES(743455967, "Horror", "On Writing", 115, 2002, 7.990000, 40);
INSERT INTO Book VALUES(140077022, "Literature & Fiction", "White Noise", 149, 1991, 14.000000, 36);
INSERT INTO Book VALUES(679722955, "Literature & Fiction", "The Names", 244, 1989, 11.200000, 57);
INSERT INTO Book VALUES(684848155, "Literature & Fiction", "UNDERWORLD: A NOVEL", 367, 1998, 16.000000, 48);
INSERT INTO Book VALUES(471286168, "Home Design", "Architecture: Form, Space, and Order", 96, 1996, 39.950000, 21);
INSERT INTO Book VALUES(471288217, "Home Design", "A Visual Dictionary of Architecture", 287, 1996, 39.950000, 21);
INSERT INTO Book VALUES(156006219, "Romance", "The Magician's Assistant", 345, 1998, 13.000000, 20);
INSERT INTO Book VALUES(60540753, "Romance", "Patron Saint of Liars", 397, 2003, 13.950000, 18);
INSERT INTO Book VALUES(393318486, "Science", "How the Mind Works", 138, 1999, 17.950000, 58);
INSERT INTO Book VALUES(60958332, "Science", "The Language Instinct: How the Mind Creates Language", 2, 2000, 10.500000, 37);
INSERT INTO Book VALUES(60958405, "Science", "Words and Rules: The Ingredients of Language", 170, 2000, 15.000000, 37);
INSERT INTO Book VALUES(393319407, "Science", "The Diversity of Life", 404, 1999, 16.950000, 58);
INSERT INTO Book VALUES(674634420, "Science", "On Human Nature", 258, 1988, 18.950000, 19);
INSERT INTO Book VALUES(446608955, "Literature & Fiction", "A Walk to Remember", 350, 2000, 6.990000, 59);
INSERT INTO Book VALUES(446676098, "Literature & Fiction", "The Notebook", 281, 1999, 12.950000, 59);
INSERT INTO Book VALUES(446606812, "Literature & Fiction", "Message in a Bottle", 333, 1999, 7.500000, 59);
INSERT INTO Book VALUES(262521415, "Accounting & Finance", "Numerical Techniques in Finance", 224, 1989, 35.000000, 26);
INSERT INTO Book VALUES(262232197, "Accounting & Finance", "Econometric Analysis of Cross Section and Panel Data", 413, 2001, 74.950000, 26);
INSERT INTO Book VALUES(324113641, "Accounting & Finance", "Introductory Econometrics: A Modern Approach", 93, 2002, 107.950000, 51);
INSERT INTO Book VALUES(471391123, "Accounting & Finance", "Beyond Coso : Internal Control to Enhance Corporate Governance", 302, 2000, 50.000000, 21);
INSERT INTO Book VALUES(130998516, "Computer", "Real World FPGA Design with Verilog", 14, 1999, 83.000000, 42);
INSERT INTO Book VALUES(1565924916, "Computer", "Ldap System Administration", 281, 2003, 39.950000, 34);
INSERT INTO Book VALUES(735712360, "Computer", "The Photoshop Book for Digital Photographers", 341, 2003, 39.990000, 33);
INSERT INTO Book VALUES(735712379, "Computer", "Photoshop 7 Down & Dirty Tricks", 480, 2002, 39.990000, 33);
INSERT INTO Book VALUES(735713170, "Computer", "Mac OS X v. 10.2 Jaguar Killer Tips", 77, 2002, 29.990000, 33);
INSERT INTO Book VALUES(1558606432, "Computer", "Persuasive Technology: Using Computers to Change What We Think and Do", 203, 2002, 34.950000, 31);
INSERT INTO Book VALUES(72222743, "Computer", "A+ Certification All-in-One Exam Guide", 437, 2002, 59.990000, 28);
INSERT INTO Book VALUES(345409469, "Science", "The Demon-Haunted World: Science As a Candle in the Dark", 153, 1997, 14.950000, 5);
INSERT INTO Book VALUES(375508325, "Science", "Cosmos", 168, 2002, 35.000000, 44);
INSERT INTO Book VALUES(345336895, "Science", "Broca's Brain: Reflections on the Romance of Science", 315, 1993, 6.990000, 5);
INSERT INTO Book VALUES(671004107, "Science", "Contact", 333, 1997, 7.990000, 40);
INSERT INTO Book VALUES(345376595, "Science", "Pale Blue Dot: A Vision of the Human Future in Space", 38, 1997, 12.950000, 5);
INSERT INTO Book VALUES(316666343, "Literature & Fiction", "The Lovely Bones: A Novel", 314, 2002, 21.950000, 25);
INSERT INTO Book VALUES(316096199, "Literature & Fiction", "Lucky: A Memoir", 444, 2002, 11.950000, 4);
INSERT INTO Book VALUES(385721791, "Literature & Fiction", "Atonement", 440, 2003, 14.000000, 3);
INSERT INTO Book VALUES(385494246, "Literature & Fiction", "Amsterdam", 102, 1999, 12.000000, 3);
INSERT INTO Book VALUES(385494327, "Literature & Fiction", "Black Dogs", 302, 1999, 14.000000, 3);
INSERT INTO Book VALUES(385494149, "Literature & Fiction", "Enduring Love", 297, 1999, 13.000000, 3);
INSERT INTO Book VALUES(399149848, "Literature & Fiction", "Birthright", 35, 2003, 25.950000, 43);
INSERT INTO Book VALUES(373218192, "Literature & Fiction", "Engaging The Enemy", 55, 2003, 7.500000, 49);
INSERT INTO Book VALUES(373218257, "Literature & Fiction", "Love By Design", 179, 2003, 14.950000, 15);
INSERT INTO Book VALUES(399149392, "Literature & Fiction", "Chesapeake Blue", 371, 2002, 25.950000, 43);
INSERT INTO Book VALUES(1561584029, "Home Design", "The Complete Illustrated Guide to Furniture and Cabinet Construction", 50, 2001, 39.950000, 54);
INSERT INTO Book VALUES(1579902944, "Home Design", "Choosing & Using Hand Tools", 108, 2002, 19.950000, 24);
INSERT INTO Book VALUES(1561586196, "Home Design", "Building a Shed", 269, 2003, 19.950000, 54);
INSERT INTO Book VALUES(61092177, "Fantasy", "Small Gods", 180, 1994, 7.990000, 16);
INSERT INTO Book VALUES(60502935, "Fantasy", "Going Postal", 149, 2005, 7.990000, 16);
INSERT INTO Book VALUES(61020656, "Fantasy", "Pyramids", 66, 2001, 7.990000, 16);
INSERT INTO Book VALUES(60855925, "Fantasy", "The Color of Magic", 176, 2005, 13.990000, 16);
INSERT INTO Book VALUES(61020648, "Fantasy", "Guards! Guards!", 96, 2001, 7.990000, 16);
INSERT INTO Book VALUES(61161721, "Fantasy", "Unseen Academicals", 307, 2010, 7.990000, 16);

INSERT INTO Customer VALUES(1, "Brian Ramirez", "25304 Daniel Fork Suite 253 West Ryanport, WA 12808-0019", "alvarezcynthia@example.net");
INSERT INTO Customer VALUES(2, "Steven Horne", "24887 Catherine Freeway Suite 535 Wilcoxtown, NE 52269", "ashley10@example.net");
INSERT INTO Customer VALUES(3, "Eric Wright", "PSC 2274, Box 8359 APO AA 60497", "jkhan@example.net");
INSERT INTO Customer VALUES(4, "Ashley Frederick", "5850 Rivera Mission Apt. 891 Nicolemouth, AZ 98965", "peggy18@example.com");
INSERT INTO Customer VALUES(5, "Katie Bush", "477 Haley Route West Summertown, KY 15354-4789", "andrewbell@example.com");
INSERT INTO Customer VALUES(6, "Ruth Sullivan", "712 Daniel Station Suite 467 North Matthew, DC 98779", "danieljohnson@example.org");
INSERT INTO Customer VALUES(7, "Lori Adams", "0937 Jacobson Plaza Suite 406 Jacksonmouth, NJ 93463", "erin33@example.org");
INSERT INTO Customer VALUES(8, "Megan York", "357 Yates Hills Apt. 072 West Michellebury, WY 25456", "alevy@example.com");
INSERT INTO Customer VALUES(9, "Kevin Kennedy", "824 West Path Lake Brittanyville, NJ 41894-6979", "rogersnoah@example.net");
INSERT INTO Customer VALUES(10, "Noah Mills", "61787 Daniel Via New Michealberg, PW 60882-4311", "angelawarner@example.com");
INSERT INTO Customer VALUES(11, "Jesse Mahoney", "5615 House Plains Apt. 172 East Elizabeth, AZ 86542-7508", "wilsoncharlene@example.org");
INSERT INTO Customer VALUES(12, "Caitlin Bishop", "75613 Gonzalez Wells Port Russellfort, NH 21363", "kimberly45@example.org");
INSERT INTO Customer VALUES(13, "Mr. Taylor Jones DDS", "30335 Alec Roads Lisaborough, KS 24934", "woodscaleb@example.org");
INSERT INTO Customer VALUES(14, "Paul Wilson", "37909 Kenneth Burg Apt. 140 Vazquezville, OH 99467", "gregorydennis@example.net");
INSERT INTO Customer VALUES(15, "Wayne Sherman", "593 Ryan Estate Lake Lindsey, MO 17404", "charles81@example.com");
INSERT INTO Customer VALUES(16, "Robin Kim", "43033 Bennett Garden Apt. 132 Pughside, ME 60485-9419", "hburnett@example.net");
INSERT INTO Customer VALUES(17, "Amanda Keller", "058 Christopher Grove Apt. 181 Port Alexandermouth, WA 55795", "katrina36@example.org");
INSERT INTO Customer VALUES(18, "Angela Delacruz", "10303 Angela Park Lake Calvinport, IN 25228-4179", "josephparker@example.com");
INSERT INTO Customer VALUES(19, "Cathy Weber", "PSC 5918, Box 6832 APO AA 26237-8143", "rhonda31@example.net");
INSERT INTO Customer VALUES(20, "Vanessa Ryan", "11638 Michael Fords Suite 499 Jacksonborough, NE 78572-6930", "sward@example.com");

INSERT INTO PaymentInfo VALUES(210057327419236, "Mastercard", "04-08", "William Williamson", 204);
INSERT INTO PaymentInfo VALUES(5393526846728440, "Visa", "10-13", "Mary Owens", 503);
INSERT INTO PaymentInfo VALUES(210031866180491, "Discover", "07-09", "Dr. Joel Wright", 683);
INSERT INTO PaymentInfo VALUES(4448292034005582, "Discover", "10-25", "Kayla Anderson", 122);
INSERT INTO PaymentInfo VALUES(30036252037047, "Visa", "08-23", "Robert Fuentes", 160);
INSERT INTO PaymentInfo VALUES(869990100516832, "Discover", "03-26", "Shannon Williams", 416);
INSERT INTO PaymentInfo VALUES(6011253246393366, "Discover", "08-03", "Tracy Hicks DVM", 769);
INSERT INTO PaymentInfo VALUES(5191552977159209, "Mastercard", "08-25", "Austin Wu", 233);
INSERT INTO PaymentInfo VALUES(561282377077, "Mastercard", "05-21", "Christine Wallace", 452);
INSERT INTO PaymentInfo VALUES(869911043549292, "Discover", "10-12", "Jennifer Jensen", 761);
INSERT INTO PaymentInfo VALUES(210036759307499, "Visa", "10-20", "George Kelly", 928);
INSERT INTO PaymentInfo VALUES(210044320816428, "Visa", "03-08", "Crystal Abbott", 950);
INSERT INTO PaymentInfo VALUES(6011554910004126, "Mastercard", "12-03", "Kristina Garcia", 399);
INSERT INTO PaymentInfo VALUES(347522309154198, "Discover", "11-23", "Nathan Mcneil", 942);
INSERT INTO PaymentInfo VALUES(869983688286548, "Visa", "06-01", "Emma Delacruz", 877);
INSERT INTO PaymentInfo VALUES(180035177270228, "Visa", "11-04", "Sharon Woods", 436);
INSERT INTO PaymentInfo VALUES(869977927338649, "Mastercard", "08-07", "Chad Oneill", 885);
INSERT INTO PaymentInfo VALUES(30213562386238, "Visa", "02-21", "Gabrielle Clark", 707);
INSERT INTO PaymentInfo VALUES(869974803549548, "Visa", "06-27", "Larry Cook", 285);
INSERT INTO PaymentInfo VALUES(3158856040096405, "Mastercard", "01-21", "Katie Hughes", 104);

INSERT INTO Course VALUES(1, "Edward Curtis", "TK8JADK0QD", "CU7KHL2LL6", "ENGR 1281.02H", 1561586196);
INSERT INTO Course VALUES(2, "Vanessa Cook", "U4EZDTARNB", "XGLONBI3EF", "MATH 2162.02H", 60502935);
INSERT INTO Course VALUES(3, "Jeremy Cunningham", "VRJMD0HXYB", "IC9AB7Z7NY", "ENGR 1100.06", 1590520734);
INSERT INTO Course VALUES(4, "Martha Allen", "4VIVLFNALX", "WK5VQQDR41", "PSYCH 1100", 684848155);
INSERT INTO Course VALUES(5, "Kendra Flores", "WG1XCMO140", "159HKLM0Y9", "MATH 2568", 446608955);
INSERT INTO Course VALUES(6, "Anthony Johnson", "S3SBP3R5BM", "Y801PTTW0Z", "STAT 3470", 61020648);
INSERT INTO Course VALUES(7, "Daniel Mayer", "ESGW87MI07", "PB3P3AGY29", "CSE 2221", 865659982);
INSERT INTO Course VALUES(8, "James Ho", "HE3AK208LD", "TW48U75C1W", "SOCIOL 3302", 399149392);
INSERT INTO Course VALUES(9, "Joshua Huang", "02LPTUUCQK", "76HCW05A19", "CSE 2231", 471391123);
INSERT INTO Course VALUES(10, "Janice Johnston", "LX3H94LW90", "JW406M3QAU", "CSE 2321", 471200247);
INSERT INTO Course VALUES(11, "Mr. Mark Allison", "BDGMTWX4NW", "FVTL0UW1CF", "MATH 3345", 679450785);
INSERT INTO Course VALUES(12, "Jessica Sherman", "T9ECTYEWCP", "JLX7V2U62Q", "ECE 2000", 71414339);
INSERT INTO Course VALUES(13, "Tiffany Barry", "3KW90G8WKI", "84KHQFZYRJ", "CSE 2331", 71414339);
INSERT INTO Course VALUES(14, "Kurt Schultz", "2WV07LG7YE", "IW33JT6IU3", "CSE 2421", 743206061);
INSERT INTO Course VALUES(15, "James Hernandez", "Z7HGUUKRM2", "LHJO6EOUVF", "ECE 2100", 130323519);
INSERT INTO Course VALUES(16, "Kimberly Burns", "7IEFEW5LG1", "5HK7CC3QV6", "CSE 2431", 60540753);
INSERT INTO Course VALUES(17, "Melissa Dillon", "YPY43HDYKA", "Z1RRPY5PKH", "CSE 3902", 312287941);
INSERT INTO Course VALUES(18, "Ashley Garcia", "8DNNIPVJBZ", "0YPSQZK5NY", "COMPSTD 1100", 743457358);
INSERT INTO Course VALUES(19, "Cynthia Mathews", "Y01DA2W5S1", "10HFY7K3SM", "CSE 3241", 156006219);
INSERT INTO Course VALUES(20, "Vicki Morse", "7MV1JRPQIT", "0M7FJQSWB6", "CSE 5526", 66214750);

INSERT INTO Wrote(Isbn, AuthorId) VALUES(782140661, 18);
INSERT INTO Wrote(Isbn, AuthorId) VALUES(782140661, 11);
INSERT INTO Wrote(Isbn, AuthorId) VALUES(782140661, 26);
INSERT INTO Wrote(Isbn, AuthorId) VALUES(782140661, 60);
INSERT INTO Wrote(Isbn, AuthorId) VALUES(782140661, 42);
INSERT INTO Wrote(Isbn, AuthorId) VALUES(72227885, 13);
INSERT INTO Wrote(Isbn, AuthorId) VALUES(471200247, 73);
INSERT INTO Wrote(Isbn, AuthorId) VALUES(471200247, 55);
INSERT INTO Wrote(Isbn, AuthorId) VALUES(72227710, 12);
INSERT INTO Wrote(Isbn, AuthorId) VALUES(1558605525, 33);
INSERT INTO Wrote(Isbn, AuthorId) VALUES(1558605525, 28);
INSERT INTO Wrote(Isbn, AuthorId) VALUES(972263608, 80);
INSERT INTO Wrote(Isbn, AuthorId) VALUES(201615762, 47);
INSERT INTO Wrote(Isbn, AuthorId) VALUES(782140114, 70);
INSERT INTO Wrote(Isbn, AuthorId) VALUES(782140114, 46);
INSERT INTO Wrote(Isbn, AuthorId) VALUES(782140114, 64);
INSERT INTO Wrote(Isbn, AuthorId) VALUES(321125169, 9);
INSERT INTO Wrote(Isbn, AuthorId) VALUES(321125169, 65);
INSERT INTO Wrote(Isbn, AuthorId) VALUES(321125169, 53);
INSERT INTO Wrote(Isbn, AuthorId) VALUES(321125169, 6);
INSERT INTO Wrote(Isbn, AuthorId) VALUES(805317554, 76);
INSERT INTO Wrote(Isbn, AuthorId) VALUES(805317554, 83);
INSERT INTO Wrote(Isbn, AuthorId) VALUES(1861004486, 78);
INSERT INTO Wrote(Isbn, AuthorId) VALUES(735712123, 69);
INSERT INTO Wrote(Isbn, AuthorId) VALUES(425188361, 50);
INSERT INTO Wrote(Isbn, AuthorId) VALUES(142001740, 91);
INSERT INTO Wrote(Isbn, AuthorId) VALUES(596004478, 94);
INSERT INTO Wrote(Isbn, AuthorId) VALUES(596004478, 72);
INSERT INTO Wrote(Isbn, AuthorId) VALUES(71414339, 38);
INSERT INTO Wrote(Isbn, AuthorId) VALUES(312311354, 101);
INSERT INTO Wrote(Isbn, AuthorId) VALUES(312287941, 81);
INSERT INTO Wrote(Isbn, AuthorId) VALUES(312243022, 61);
INSERT INTO Wrote(Isbn, AuthorId) VALUES(609610570, 48);
INSERT INTO Wrote(Isbn, AuthorId) VALUES(609610570, 75);
INSERT INTO Wrote(Isbn, AuthorId) VALUES(609610570, 17);
INSERT INTO Wrote(Isbn, AuthorId) VALUES(316602051, 37);
INSERT INTO Wrote(Isbn, AuthorId) VALUES(316602051, 4);
INSERT INTO Wrote(Isbn, AuthorId) VALUES(743222008, 39);
INSERT INTO Wrote(Isbn, AuthorId) VALUES(66214750, 35);
INSERT INTO Wrote(Isbn, AuthorId) VALUES(787960756, 68);
INSERT INTO Wrote(Isbn, AuthorId) VALUES(1590520734, 22);
INSERT INTO Wrote(Isbn, AuthorId) VALUES(60934417, 7);
INSERT INTO Wrote(Isbn, AuthorId) VALUES(440237556, 44);
INSERT INTO Wrote(Isbn, AuthorId) VALUES(373272839, 92);
INSERT INTO Wrote(Isbn, AuthorId) VALUES(670031518, 90);
INSERT INTO Wrote(Isbn, AuthorId) VALUES(738206679, 1);
INSERT INTO Wrote(Isbn, AuthorId) VALUES(679768678, 27);
INSERT INTO Wrote(Isbn, AuthorId) VALUES(679450785, 27);
INSERT INTO Wrote(Isbn, AuthorId) VALUES(1579550088, 88);
INSERT INTO Wrote(Isbn, AuthorId) VALUES(684843285, 32);
INSERT INTO Wrote(Isbn, AuthorId) VALUES(471358983, 29);
INSERT INTO Wrote(Isbn, AuthorId) VALUES(471358983, 16);
INSERT INTO Wrote(Isbn, AuthorId) VALUES(394739698, 98);
INSERT INTO Wrote(Isbn, AuthorId) VALUES(394739698, 52);
INSERT INTO Wrote(Isbn, AuthorId) VALUES(1586851322, 14);
INSERT INTO Wrote(Isbn, AuthorId) VALUES(1586851322, 3);
INSERT INTO Wrote(Isbn, AuthorId) VALUES(1586851357, 74);
INSERT INTO Wrote(Isbn, AuthorId) VALUES(1561586487, 54);
INSERT INTO Wrote(Isbn, AuthorId) VALUES(865659982, 31);
INSERT INTO Wrote(Isbn, AuthorId) VALUES(865659982, 19);
INSERT INTO Wrote(Isbn, AuthorId) VALUES(865659982, 36);
INSERT INTO Wrote(Isbn, AuthorId) VALUES(517576600, 25);
INSERT INTO Wrote(Isbn, AuthorId) VALUES(517576600, 93);
INSERT INTO Wrote(Isbn, AuthorId) VALUES(517576600, 49);
INSERT INTO Wrote(Isbn, AuthorId) VALUES(517576600, 97);
INSERT INTO Wrote(Isbn, AuthorId) VALUES(262024829, 86);
INSERT INTO Wrote(Isbn, AuthorId) VALUES(72294337, 56);
INSERT INTO Wrote(Isbn, AuthorId) VALUES(72294337, 84);
INSERT INTO Wrote(Isbn, AuthorId) VALUES(72315318, 79);
INSERT INTO Wrote(Isbn, AuthorId) VALUES(324107501, 71);
INSERT INTO Wrote(Isbn, AuthorId) VALUES(324107501, 100);
INSERT INTO Wrote(Isbn, AuthorId) VALUES(324107501, 77);
INSERT INTO Wrote(Isbn, AuthorId) VALUES(471363049, 24);
INSERT INTO Wrote(Isbn, AuthorId) VALUES(471363049, 41);
INSERT INTO Wrote(Isbn, AuthorId) VALUES(471363049, 95);
INSERT INTO Wrote(Isbn, AuthorId) VALUES(130323519, 51);
INSERT INTO Wrote(Isbn, AuthorId) VALUES(130323519, 21);
INSERT INTO Wrote(Isbn, AuthorId) VALUES(130323519, 99);
INSERT INTO Wrote(Isbn, AuthorId) VALUES(446527793, 66);
INSERT INTO Wrote(Isbn, AuthorId) VALUES(743206061, 58);
INSERT INTO Wrote(Isbn, AuthorId) VALUES(743244249, 23);
INSERT INTO Wrote(Isbn, AuthorId) VALUES(743467523, 87);
INSERT INTO Wrote(Isbn, AuthorId) VALUES(375703764, 57);
INSERT INTO Wrote(Isbn, AuthorId) VALUES(345452089, 63);
INSERT INTO Wrote(Isbn, AuthorId) VALUES(385504470, 20);
INSERT INTO Wrote(Isbn, AuthorId) VALUES(312276702, 59);
INSERT INTO Wrote(Isbn, AuthorId) VALUES(743457358, 87);
INSERT INTO Wrote(Isbn, AuthorId) VALUES(1880418568, 87);
INSERT INTO Wrote(Isbn, AuthorId) VALUES(1880418568, 10);
INSERT INTO Wrote(Isbn, AuthorId) VALUES(743455967, 87);
INSERT INTO Wrote(Isbn, AuthorId) VALUES(140077022, 23);
INSERT INTO Wrote(Isbn, AuthorId) VALUES(679722955, 23);
INSERT INTO Wrote(Isbn, AuthorId) VALUES(684848155, 23);
INSERT INTO Wrote(Isbn, AuthorId) VALUES(471286168, 29);
INSERT INTO Wrote(Isbn, AuthorId) VALUES(471288217, 29);
INSERT INTO Wrote(Isbn, AuthorId) VALUES(156006219, 7);
INSERT INTO Wrote(Isbn, AuthorId) VALUES(60540753, 7);
INSERT INTO Wrote(Isbn, AuthorId) VALUES(393318486, 90);
INSERT INTO Wrote(Isbn, AuthorId) VALUES(60958332, 90);
INSERT INTO Wrote(Isbn, AuthorId) VALUES(60958405, 90);
INSERT INTO Wrote(Isbn, AuthorId) VALUES(393319407, 27);
INSERT INTO Wrote(Isbn, AuthorId) VALUES(674634420, 27);
INSERT INTO Wrote(Isbn, AuthorId) VALUES(446608955, 66);
INSERT INTO Wrote(Isbn, AuthorId) VALUES(446676098, 66);
INSERT INTO Wrote(Isbn, AuthorId) VALUES(446606812, 66);
INSERT INTO Wrote(Isbn, AuthorId) VALUES(262521415, 85);
INSERT INTO Wrote(Isbn, AuthorId) VALUES(262232197, 40);
INSERT INTO Wrote(Isbn, AuthorId) VALUES(324113641, 40);
INSERT INTO Wrote(Isbn, AuthorId) VALUES(471391123, 89);
INSERT INTO Wrote(Isbn, AuthorId) VALUES(130998516, 45);
INSERT INTO Wrote(Isbn, AuthorId) VALUES(1565924916, 30);
INSERT INTO Wrote(Isbn, AuthorId) VALUES(735712360, 82);
INSERT INTO Wrote(Isbn, AuthorId) VALUES(735712379, 82);
INSERT INTO Wrote(Isbn, AuthorId) VALUES(735713170, 82);
INSERT INTO Wrote(Isbn, AuthorId) VALUES(1558606432, 8);
INSERT INTO Wrote(Isbn, AuthorId) VALUES(72222743, 62);
INSERT INTO Wrote(Isbn, AuthorId) VALUES(345409469, 15);
INSERT INTO Wrote(Isbn, AuthorId) VALUES(375508325, 15);
INSERT INTO Wrote(Isbn, AuthorId) VALUES(345336895, 15);
INSERT INTO Wrote(Isbn, AuthorId) VALUES(671004107, 15);
INSERT INTO Wrote(Isbn, AuthorId) VALUES(345376595, 15);
INSERT INTO Wrote(Isbn, AuthorId) VALUES(316666343, 2);
INSERT INTO Wrote(Isbn, AuthorId) VALUES(316096199, 2);
INSERT INTO Wrote(Isbn, AuthorId) VALUES(385721791, 34);
INSERT INTO Wrote(Isbn, AuthorId) VALUES(385494246, 34);
INSERT INTO Wrote(Isbn, AuthorId) VALUES(385494327, 34);
INSERT INTO Wrote(Isbn, AuthorId) VALUES(385494149, 34);
INSERT INTO Wrote(Isbn, AuthorId) VALUES(399149848, 67);
INSERT INTO Wrote(Isbn, AuthorId) VALUES(373218192, 67);
INSERT INTO Wrote(Isbn, AuthorId) VALUES(373218257, 67);
INSERT INTO Wrote(Isbn, AuthorId) VALUES(399149392, 67);
INSERT INTO Wrote(Isbn, AuthorId) VALUES(1561584029, 5);
INSERT INTO Wrote(Isbn, AuthorId) VALUES(1579902944, 5);
INSERT INTO Wrote(Isbn, AuthorId) VALUES(1561586196, 43);
INSERT INTO Wrote(Isbn, AuthorId) VALUES(61092177, 96);
INSERT INTO Wrote(Isbn, AuthorId) VALUES(60502935, 96);
INSERT INTO Wrote(Isbn, AuthorId) VALUES(61020656, 96);
INSERT INTO Wrote(Isbn, AuthorId) VALUES(60855925, 96);
INSERT INTO Wrote(Isbn, AuthorId) VALUES(61020648, 96);
INSERT INTO Wrote(Isbn, AuthorId) VALUES(61161721, 96);

INSERT INTO Purchase(CustomerId, Isbn, PurchaseDate, PurchaseTime) VALUES(3, 1590520734, "1974-05-17", "10:14:55");
INSERT INTO Purchase(CustomerId, Isbn, PurchaseDate, PurchaseTime) VALUES(6, 671004107, "1989-06-18", "17:52:11");
INSERT INTO Purchase(CustomerId, Isbn, PurchaseDate, PurchaseTime) VALUES(4, 140077022, "2007-02-08", "07:26:32");
INSERT INTO Purchase(CustomerId, Isbn, PurchaseDate, PurchaseTime) VALUES(1, 60958332, "1986-11-23", "18:55:07");
INSERT INTO Purchase(CustomerId, Isbn, PurchaseDate, PurchaseTime) VALUES(5, 316602051, "1992-08-09", "07:04:57");
INSERT INTO Purchase(CustomerId, Isbn, PurchaseDate, PurchaseTime) VALUES(15, 60934417, "2000-03-08", "21:19:38");
INSERT INTO Purchase(CustomerId, Isbn, PurchaseDate, PurchaseTime) VALUES(13, 517576600, "1996-12-18", "20:16:46");
INSERT INTO Purchase(CustomerId, Isbn, PurchaseDate, PurchaseTime) VALUES(3, 72222743, "2004-08-01", "01:06:56");
INSERT INTO Purchase(CustomerId, Isbn, PurchaseDate, PurchaseTime) VALUES(19, 373272839, "1984-11-07", "12:36:02");
INSERT INTO Purchase(CustomerId, Isbn, PurchaseDate, PurchaseTime) VALUES(19, 71414339, "2001-03-13", "13:22:09");
INSERT INTO Purchase(CustomerId, Isbn, PurchaseDate, PurchaseTime) VALUES(12, 312243022, "1993-09-04", "12:57:10");
INSERT INTO Purchase(CustomerId, Isbn, PurchaseDate, PurchaseTime) VALUES(14, 425188361, "1984-06-27", "12:52:31");
INSERT INTO Purchase(CustomerId, Isbn, PurchaseDate, PurchaseTime) VALUES(13, 684848155, "1974-06-15", "06:01:19");
INSERT INTO Purchase(CustomerId, Isbn, PurchaseDate, PurchaseTime) VALUES(2, 394739698, "2012-07-07", "14:31:41");
INSERT INTO Purchase(CustomerId, Isbn, PurchaseDate, PurchaseTime) VALUES(18, 596004478, "1990-08-30", "20:46:29");
INSERT INTO Purchase(CustomerId, Isbn, PurchaseDate, PurchaseTime) VALUES(7, 399149392, "2015-04-21", "14:11:40");
INSERT INTO Purchase(CustomerId, Isbn, PurchaseDate, PurchaseTime) VALUES(10, 394739698, "1994-12-22", "11:35:08");
INSERT INTO Purchase(CustomerId, Isbn, PurchaseDate, PurchaseTime) VALUES(3, 324107501, "2003-03-08", "04:16:45");
INSERT INTO Purchase(CustomerId, Isbn, PurchaseDate, PurchaseTime) VALUES(12, 679450785, "1995-09-17", "11:26:48");
INSERT INTO Purchase(CustomerId, Isbn, PurchaseDate, PurchaseTime) VALUES(4, 345336895, "2004-10-25", "19:15:29");

INSERT INTO CustomerPaymentInfo(CustomerId, CreditCardId) VALUES(20, 210057327419236);
INSERT INTO CustomerPaymentInfo(CustomerId, CreditCardId) VALUES(5, 5393526846728440);
INSERT INTO CustomerPaymentInfo(CustomerId, CreditCardId) VALUES(11, 210031866180491);
INSERT INTO CustomerPaymentInfo(CustomerId, CreditCardId) VALUES(16, 4448292034005582);
INSERT INTO CustomerPaymentInfo(CustomerId, CreditCardId) VALUES(8, 30036252037047);
INSERT INTO CustomerPaymentInfo(CustomerId, CreditCardId) VALUES(18, 869990100516832);
INSERT INTO CustomerPaymentInfo(CustomerId, CreditCardId) VALUES(15, 6011253246393366);
INSERT INTO CustomerPaymentInfo(CustomerId, CreditCardId) VALUES(1, 5191552977159209);
INSERT INTO CustomerPaymentInfo(CustomerId, CreditCardId) VALUES(3, 561282377077);
INSERT INTO CustomerPaymentInfo(CustomerId, CreditCardId) VALUES(16, 869911043549292);
INSERT INTO CustomerPaymentInfo(CustomerId, CreditCardId) VALUES(2, 210036759307499);
INSERT INTO CustomerPaymentInfo(CustomerId, CreditCardId) VALUES(5, 210044320816428);
INSERT INTO CustomerPaymentInfo(CustomerId, CreditCardId) VALUES(16, 6011554910004126);
INSERT INTO CustomerPaymentInfo(CustomerId, CreditCardId) VALUES(8, 347522309154198);
INSERT INTO CustomerPaymentInfo(CustomerId, CreditCardId) VALUES(12, 869983688286548);
INSERT INTO CustomerPaymentInfo(CustomerId, CreditCardId) VALUES(6, 180035177270228);
INSERT INTO CustomerPaymentInfo(CustomerId, CreditCardId) VALUES(1, 869977927338649);
INSERT INTO CustomerPaymentInfo(CustomerId, CreditCardId) VALUES(7, 30213562386238);
INSERT INTO CustomerPaymentInfo(CustomerId, CreditCardId) VALUES(19, 869974803549548);
INSERT INTO CustomerPaymentInfo(CustomerId, CreditCardId) VALUES(1, 3158856040096405);
